[
  {
    "name": "ajay",
    "age": "30",
    "blood": "A+",
    "organs": [
      "Kidney"
    ],
    "history": "no",
    "nominee": "vijay",
    "status": "Consent Pending",
    "id": 1768981910655
  },
  {
    "name": "venkat",
    "age": "30",
    "blood": "A+",
    "organs": [
      "Kidney"
    ],
    "history": "no",
    "nominee": "yesh",
    "status": "Consent Pending",
    "id": 1768983333726
  },
  {
    "name": "rajesh",
    "age": "28",
    "blood": "A+",
    "organs": [
      "Liver"
    ],
    "history": "None",
    "nominee": "Brother",
    "status": "Consent Pending",
    "id": 1768984839960
  },
  {
    "name": "raj",
    "age": "25",
    "blood": "A+",
    "organs": [
      "Kidney"
    ],
    "history": "None",
    "nominee": "mother",
    "status": "Consent Pending",
    "id": 1768987254829
  }
]